GHO (CODE),GHO (DISPLAY),GHO (URL),YEAR (DISPLAY),STARTYEAR,ENDYEAR,REGION (CODE),REGION (DISPLAY),COUNTRY (CODE),COUNTRY (DISPLAY),DIMENSION (TYPE),DIMENSION (CODE),DIMENSION (NAME),Numeric,Value,Low,High
SDGSUICIDE,Crude suicide rates (per 100 000 population),https://www.who.int/data/gho/data/indicators/indicator-details/GHO/crude-suicide-rates-%28per-100-000-population%29,2008,2008,2008,AFR,Africa,RWA,Rwanda,SEX,SEX_FMLE,Female,4.81,4.8 [2.8-7.8],2.77,7.8
SDGSUICIDE,Crude suicide rates (per 100 000 population),https://www.who.int/data/gho/data/indicators/indicator-details/GHO/crude-suicide-rates-%28per-100-000-population%29,2019,2019,2019,AFR,Africa,RWA,Rwanda,SEX,SEX_MLE,Male,5.84,5.8,,
SDGSUICIDE,Crude suicide rates (per 100 000 population),https://www.who.int/data/gho/data/indicators/indicator-details/GHO/crude-suicide-rates-%28per-100-000-population%29,2018,2018,2018,AFR,Africa,RWA,Rwanda,SEX,SEX_BTSX,Both sexes,5.58,5.6 [3.2-9.2],3.18,9.17
MH_12,Age-standardized suicide rates (per 100 000 population),https://www.who.int/data/gho/data/indicators/indicator-details/GHO/age-standardized-suicide-rates-%28per-100-000-population%29,2001,2001,2001,AFR,Africa,RWA,Rwanda,SEX,SEX_BTSX,Both sexes,22.9471,22.9 [13.8-35.7],13.7863,35.6764
SDGSUICIDE,Crude suicide rates (per 100 000 population),https://www.who.int/data/gho/data/indicators/indicator-details/GHO/crude-suicide-rates-%28per-100-000-population%29,2019,2019,2019,AFR,Africa,RWA,Rwanda,SEX,SEX_BTSX,Both sexes,5.57,5.6 [3.2-9.2],3.17,9.2
MH_12,Age-standardized suicide rates (per 100 000 population),https://www.who.int/data/gho/data/indicators/indicator-details/GHO/age-standardized-suicide-rates-%28per-100-000-population%29,2012,2012,2012,AFR,Africa,RWA,Rwanda,SEX,SEX_MLE,Male,15.9558,16.0 [9.6-25.7],9.57,25.7419
MH_12,Age-standardized suicide rates (per 100 000 population),https://www.who.int/data/gho/data/indicators/indicator-details/GHO/age-standardized-suicide-rates-%28per-100-000-population%29,2014,2014,2014,AFR,Africa,RWA,Rwanda,SEX,SEX_MLE,Male,15.4553,15.5 [9.1-25.2],9.13,25.2452
SDGSUICIDE,Crude suicide rates (per 100 000 population),https://www.who.int/data/gho/data/indicators/indicator-details/GHO/crude-suicide-rates-%28per-100-000-population%29,2019,2019,2019,AFR,Africa,RWA,Rwanda,SEX,SEX_BTSX,Both sexes,51.86,51.9,,
SDGSUICIDE,Crude suicide rates (per 100 000 population),https://www.who.int/data/gho/data/indicators/indicator-details/GHO/crude-suicide-rates-%28per-100-000-population%29,2019,2019,2019,AFR,Africa,RWA,Rwanda,SEX,SEX_BTSX,Both sexes,3.97,4,,
MH_12,Age-standardized suicide rates (per 100 000 population),https://www.who.int/data/gho/data/indicators/indicator-details/GHO/age-standardized-suicide-rates-%28per-100-000-population%29,2019,2019,2019,AFR,Africa,RWA,Rwanda,SEX,SEX_FMLE,Female,5.04,5.0 [2.9-8.3],2.89,8.25
SDGSUICIDE,Crude suicide rates (per 100 000 population),https://www.who.int/data/gho/data/indicators/indicator-details/GHO/crude-suicide-rates-%28per-100-000-population%29,2018,2018,2018,AFR,Africa,RWA,Rwanda,SEX,SEX_FMLE,Female,3.03,3.0 [1.7-5.0],1.69,4.99
SDGSUICIDE,Crude suicide rates (per 100 000 population),https://www.who.int/data/gho/data/indicators/indicator-details/GHO/crude-suicide-rates-%28per-100-000-population%29,2010,2010,2010,AFR,Africa,RWA,Rwanda,SEX,SEX_MLE,Male,9.1,9.1 [5.4-14.8],5.42,14.7819
SDGSUICIDE,Crude suicide rates (per 100 000 population),https://www.who.int/data/gho/data/indicators/indicator-details/GHO/crude-suicide-rates-%28per-100-000-population%29,2002,2002,2002,AFR,Africa,RWA,Rwanda,SEX,SEX_BTSX,Both sexes,12.5444,12.5 [7.5-19.7],7.52,19.7327
MH_12,Age-standardized suicide rates (per 100 000 population),https://www.who.int/data/gho/data/indicators/indicator-details/GHO/age-standardized-suicide-rates-%28per-100-000-population%29,2002,2002,2002,AFR,Africa,RWA,Rwanda,SEX,SEX_MLE,Male,31.0931,31.1 [19.4-47.2],19.3805,47.1631
MH_12,Age-standardized suicide rates (per 100 000 population),https://www.who.int/data/gho/data/indicators/indicator-details/GHO/age-standardized-suicide-rates-%28per-100-000-population%29,2013,2013,2013,AFR,Africa,RWA,Rwanda,SEX,SEX_FMLE,Female,5.68,5.7 [3.4-9.0],3.35,9.04
SDGSUICIDE,Crude suicide rates (per 100 000 population),https://www.who.int/data/gho/data/indicators/indicator-details/GHO/crude-suicide-rates-%28per-100-000-population%29,2014,2014,2014,AFR,Africa,RWA,Rwanda,SEX,SEX_BTSX,Both sexes,5.82,5.8 [3.4-9.6],3.37,9.58
MH_12,Age-standardized suicide rates (per 100 000 population),https://www.who.int/data/gho/data/indicators/indicator-details/GHO/age-standardized-suicide-rates-%28per-100-000-population%29,2005,2005,2005,AFR,Africa,RWA,Rwanda,SEX,SEX_MLE,Male,22.2548,22.3 [13.8-34.4],13.761,34.4361
SDGSUICIDE,Crude suicide rates (per 100 000 population),https://www.who.int/data/gho/data/indicators/indicator-details/GHO/crude-suicide-rates-%28per-100-000-population%29,2007,2007,2007,AFR,Africa,RWA,Rwanda,SEX,SEX_BTSX,Both sexes,8.01,8.0 [4.8-12.9],4.75,12.8601
SDGSUICIDE,Crude suicide rates (per 100 000 population),https://www.who.int/data/gho/data/indicators/indicator-details/GHO/crude-suicide-rates-%28per-100-000-population%29,2004,2004,2004,AFR,Africa,RWA,Rwanda,SEX,SEX_BTSX,Both sexes,9.64,9.6 [5.8-15.2],5.77,15.2499
MH_12,Age-standardized suicide rates (per 100 000 population),https://www.who.int/data/gho/data/indicators/indicator-details/GHO/age-standardized-suicide-rates-%28per-100-000-population%29,2019,2019,2019,AFR,Africa,RWA,Rwanda,SEX,SEX_BTSX,Both sexes,9.45,9.5 [5.5-15.4],5.5,15.4315
SDGSUICIDE,Crude suicide rates (per 100 000 population),https://www.who.int/data/gho/data/indicators/indicator-details/GHO/crude-suicide-rates-%28per-100-000-population%29,2017,2017,2017,AFR,Africa,RWA,Rwanda,SEX,SEX_MLE,Male,8.22,8.2 [4.7-13.5],4.72,13.4996
MH_12,Age-standardized suicide rates (per 100 000 population),https://www.who.int/data/gho/data/indicators/indicator-details/GHO/age-standardized-suicide-rates-%28per-100-000-population%29,2000,2000,2000,AFR,Africa,RWA,Rwanda,SEX,SEX_BTSX,Both sexes,25.5557,25.6 [15.2-39.8],15.1764,39.834
SDGSUICIDE,Crude suicide rates (per 100 000 population),https://www.who.int/data/gho/data/indicators/indicator-details/GHO/crude-suicide-rates-%28per-100-000-population%29,2019,2019,2019,AFR,Africa,RWA,Rwanda,SEX,SEX_MLE,Male,11.09,11.1,,
MH_12,Age-standardized suicide rates (per 100 000 population),https://www.who.int/data/gho/data/indicators/indicator-details/GHO/age-standardized-suicide-rates-%28per-100-000-population%29,2009,2009,2009,AFR,Africa,RWA,Rwanda,SEX,SEX_MLE,Male,17.9743,18.0 [10.9-28.8],10.9058,28.7917
SDGSUICIDE,Crude suicide rates (per 100 000 population),https://www.who.int/data/gho/data/indicators/indicator-details/GHO/crude-suicide-rates-%28per-100-000-population%29,2003,2003,2003,AFR,Africa,RWA,Rwanda,SEX,SEX_BTSX,Both sexes,11.0087,11.0 [6.6-17.4],6.61,17.413
SDGSUICIDE,Crude suicide rates (per 100 000 population),https://www.who.int/data/gho/data/indicators/indicator-details/GHO/crude-suicide-rates-%28per-100-000-population%29,2009,2009,2009,AFR,Africa,RWA,Rwanda,SEX,SEX_BTSX,Both sexes,6.96,7.0 [4.1-11.3],4.1,11.3108
MH_12,Age-standardized suicide rates (per 100 000 population),https://www.who.int/data/gho/data/indicators/indicator-details/GHO/age-standardized-suicide-rates-%28per-100-000-population%29,2006,2006,2006,AFR,Africa,RWA,Rwanda,SEX,SEX_BTSX,Both sexes,14.3087,14.3 [8.7-22.6],8.67,22.6498
SDGSUICIDE,Crude suicide rates (per 100 000 population),https://www.who.int/data/gho/data/indicators/indicator-details/GHO/crude-suicide-rates-%28per-100-000-population%29,2011,2011,2011,AFR,Africa,RWA,Rwanda,SEX,SEX_FMLE,Female,3.85,3.9 [2.2-6.2],2.21,6.23
SDGSUICIDE,Crude suicide rates (per 100 000 population),https://www.who.int/data/gho/data/indicators/indicator-details/GHO/crude-suicide-rates-%28per-100-000-population%29,2004,2004,2004,AFR,Africa,RWA,Rwanda,SEX,SEX_MLE,Male,13.6831,13.7 [8.4-21.2],8.37,21.1546
SDGSUICIDE,Crude suicide rates (per 100 000 population),https://www.who.int/data/gho/data/indicators/indicator-details/GHO/crude-suicide-rates-%28per-100-000-population%29,2016,2016,2016,AFR,Africa,RWA,Rwanda,SEX,SEX_FMLE,Female,3.2,3.2 [1.8-5.3],1.8,5.28
SDGSUICIDE,Crude suicide rates (per 100 000 population),https://www.who.int/data/gho/data/indicators/indicator-details/GHO/crude-suicide-rates-%28per-100-000-population%29,2019,2019,2019,AFR,Africa,RWA,Rwanda,SEX,SEX_FMLE,Female,47.58,47.6,,
MH_12,Age-standardized suicide rates (per 100 000 population),https://www.who.int/data/gho/data/indicators/indicator-details/GHO/age-standardized-suicide-rates-%28per-100-000-population%29,2013,2013,2013,AFR,Africa,RWA,Rwanda,SEX,SEX_BTSX,Both sexes,10.133,10.1 [6.0-16.4],6.0,16.3602
SDGSUICIDE,Crude suicide rates (per 100 000 population),https://www.who.int/data/gho/data/indicators/indicator-details/GHO/crude-suicide-rates-%28per-100-000-population%29,2019,2019,2019,AFR,Africa,RWA,Rwanda,SEX,SEX_MLE,Male,8.09,8.1,,
MH_12,Age-standardized suicide rates (per 100 000 population),https://www.who.int/data/gho/data/indicators/indicator-details/GHO/age-standardized-suicide-rates-%28per-100-000-population%29,2016,2016,2016,AFR,Africa,RWA,Rwanda,SEX,SEX_BTSX,Both sexes,9.73,9.7 [5.7-15.9],5.69,15.883
SDGSUICIDE,Crude suicide rates (per 100 000 population),https://www.who.int/data/gho/data/indicators/indicator-details/GHO/crude-suicide-rates-%28per-100-000-population%29,2019,2019,2019,AFR,Africa,RWA,Rwanda,SEX,SEX_FMLE,Female,3.02,3.0 [1.7-5.0],1.68,5.01
SDGSUICIDE,Crude suicide rates (per 100 000 population),https://www.who.int/data/gho/data/indicators/indicator-details/GHO/crude-suicide-rates-%28per-100-000-population%29,2019,2019,2019,AFR,Africa,RWA,Rwanda,SEX,SEX_FMLE,Female,1.78,1.8,,
SDGSUICIDE,Crude suicide rates (per 100 000 population),https://www.who.int/data/gho/data/indicators/indicator-details/GHO/crude-suicide-rates-%28per-100-000-population%29,2019,2019,2019,AFR,Africa,RWA,Rwanda,SEX,SEX_BTSX,Both sexes,2.75,2.8,,
SDGSUICIDE,Crude suicide rates (per 100 000 population),https://www.who.int/data/gho/data/indicators/indicator-details/GHO/crude-suicide-rates-%28per-100-000-population%29,2015,2015,2015,AFR,Africa,RWA,Rwanda,SEX,SEX_BTSX,Both sexes,5.72,5.7 [3.3-9.4],3.29,9.44
SDGSUICIDE,Crude suicide rates (per 100 000 population),https://www.who.int/data/gho/data/indicators/indicator-details/GHO/crude-suicide-rates-%28per-100-000-population%29,2019,2019,2019,AFR,Africa,RWA,Rwanda,SEX,SEX_FMLE,Female,20.41,20.4,,
SDGSUICIDE,Crude suicide rates (per 100 000 population),https://www.who.int/data/gho/data/indicators/indicator-details/GHO/crude-suicide-rates-%28per-100-000-population%29,2019,2019,2019,AFR,Africa,RWA,Rwanda,SEX,SEX_FMLE,Female,2.84,2.8,,
MH_12,Age-standardized suicide rates (per 100 000 population),https://www.who.int/data/gho/data/indicators/indicator-details/GHO/age-standardized-suicide-rates-%28per-100-000-population%29,2008,2008,2008,AFR,Africa,RWA,Rwanda,SEX,SEX_MLE,Male,19.1157,19.1 [11.7-30.3],11.7065,30.2885
SDGSUICIDE,Crude suicide rates (per 100 000 population),https://www.who.int/data/gho/data/indicators/indicator-details/GHO/crude-suicide-rates-%28per-100-000-population%29,2009,2009,2009,AFR,Africa,RWA,Rwanda,SEX,SEX_MLE,Male,9.64,9.6 [5.8-15.7],5.75,15.6989
MH_12,Age-standardized suicide rates (per 100 000 population),https://www.who.int/data/gho/data/indicators/indicator-details/GHO/age-standardized-suicide-rates-%28per-100-000-population%29,2011,2011,2011,AFR,Africa,RWA,Rwanda,SEX,SEX_FMLE,Female,6.33,6.3 [3.7-10.0],3.74,10.0393
SDGSUICIDE,Crude suicide rates (per 100 000 population),https://www.who.int/data/gho/data/indicators/indicator-details/GHO/crude-suicide-rates-%28per-100-000-population%29,2014,2014,2014,AFR,Africa,RWA,Rwanda,SEX,SEX_FMLE,Female,3.37,3.4 [1.9-5.5],1.93,5.49
MH_3,Stand-alone mental health legislation,https://www.who.int/data/gho/data/indicators/indicator-details/GHO/mental-health-care-delivery,2016,2016,2016,AFR,Africa,RWA,Rwanda,,,,,No,,
MH_12,Age-standardized suicide rates (per 100 000 population),https://www.who.int/data/gho/data/indicators/indicator-details/GHO/age-standardized-suicide-rates-%28per-100-000-population%29,2018,2018,2018,AFR,Africa,RWA,Rwanda,SEX,SEX_BTSX,Both sexes,9.52,9.5 [5.6-15.5],5.56,15.462
SDGSUICIDE,Crude suicide rates (per 100 000 population),https://www.who.int/data/gho/data/indicators/indicator-details/GHO/crude-suicide-rates-%28per-100-000-population%29,2000,2000,2000,AFR,Africa,RWA,Rwanda,SEX,SEX_FMLE,Female,8.95,9.0 [5.0-14.9],5.03,14.9477
SDGSUICIDE,Crude suicide rates (per 100 000 population),https://www.who.int/data/gho/data/indicators/indicator-details/GHO/crude-suicide-rates-%28per-100-000-population%29,2019,2019,2019,AFR,Africa,RWA,Rwanda,SEX,SEX_FMLE,Female,11.68,11.7,,
SDGSUICIDE,Crude suicide rates (per 100 000 population),https://www.who.int/data/gho/data/indicators/indicator-details/GHO/crude-suicide-rates-%28per-100-000-population%29,2019,2019,2019,AFR,Africa,RWA,Rwanda,SEX,SEX_MLE,Male,3.74,3.7,,
MH_3,Stand-alone mental health legislation,https://www.who.int/data/gho/data/indicators/indicator-details/GHO/mental-health-care-delivery,2014,2014,2014,AFR,Africa,RWA,Rwanda,,,,,No,,
MH_1,Mental health policy,https://www.who.int/data/gho/data/indicators/indicator-details/GHO/policy-and-financing,2011,2011,2011,AFR,Africa,RWA,Rwanda,,,,,Yes,,
MH_12,Age-standardized suicide rates (per 100 000 population),https://www.who.int/data/gho/data/indicators/indicator-details/GHO/age-standardized-suicide-rates-%28per-100-000-population%29,2010,2010,2010,AFR,Africa,RWA,Rwanda,SEX,SEX_BTSX,Both sexes,11.5024,11.5 [6.9-18.4],6.91,18.3521
MH_25,Stand-alone policy or plan for mental health,https://www.who.int/data/gho/data/indicators/indicator-details/GHO/stand-alone-policy-or-plan-for-mental-health,2016,2016,2016,AFR,Africa,RWA,Rwanda,,,,,Yes,,
MH_12,Age-standardized suicide rates (per 100 000 population),https://www.who.int/data/gho/data/indicators/indicator-details/GHO/age-standardized-suicide-rates-%28per-100-000-population%29,2014,2014,2014,AFR,Africa,RWA,Rwanda,SEX,SEX_FMLE,Female,5.58,5.6 [3.3-8.9],3.29,8.9
SDGSUICIDE,Crude suicide rates (per 100 000 population),https://www.who.int/data/gho/data/indicators/indicator-details/GHO/crude-suicide-rates-%28per-100-000-population%29,2014,2014,2014,AFR,Africa,RWA,Rwanda,SEX,SEX_MLE,Male,8.36,8.4 [4.9-13.8],4.86,13.8107
SDGSUICIDE,Crude suicide rates (per 100 000 population),https://www.who.int/data/gho/data/indicators/indicator-details/GHO/crude-suicide-rates-%28per-100-000-population%29,2001,2001,2001,AFR,Africa,RWA,Rwanda,SEX,SEX_BTSX,Both sexes,13.9819,14.0 [8.3-22.0],8.25,21.9645
SDGSUICIDE,Crude suicide rates (per 100 000 population),https://www.who.int/data/gho/data/indicators/indicator-details/GHO/crude-suicide-rates-%28per-100-000-population%29,2015,2015,2015,AFR,Africa,RWA,Rwanda,SEX,SEX_FMLE,Female,3.28,3.3 [1.9-5.4],1.86,5.4
SDGSUICIDE,Crude suicide rates (per 100 000 population),https://www.who.int/data/gho/data/indicators/indicator-details/GHO/crude-suicide-rates-%28per-100-000-population%29,2017,2017,2017,AFR,Africa,RWA,Rwanda,SEX,SEX_BTSX,Both sexes,5.61,5.6 [3.2-9.2],3.2,9.22
MH_12,Age-standardized suicide rates (per 100 000 population),https://www.who.int/data/gho/data/indicators/indicator-details/GHO/age-standardized-suicide-rates-%28per-100-000-population%29,2007,2007,2007,AFR,Africa,RWA,Rwanda,SEX,SEX_MLE,Male,20.1631,20.2 [12.4-31.7],12.3846,31.6764
SDGSUICIDE,Crude suicide rates (per 100 000 population),https://www.who.int/data/gho/data/indicators/indicator-details/GHO/crude-suicide-rates-%28per-100-000-population%29,2019,2019,2019,AFR,Africa,RWA,Rwanda,SEX,SEX_BTSX,Both sexes,33.23,33.2,,
SDGSUICIDE,Crude suicide rates (per 100 000 population),https://www.who.int/data/gho/data/indicators/indicator-details/GHO/crude-suicide-rates-%28per-100-000-population%29,2019,2019,2019,AFR,Africa,RWA,Rwanda,SEX,SEX_BTSX,Both sexes,82.7,82.7,,
SDGSUICIDE,Crude suicide rates (per 100 000 population),https://www.who.int/data/gho/data/indicators/indicator-details/GHO/crude-suicide-rates-%28per-100-000-population%29,2019,2019,2019,AFR,Africa,RWA,Rwanda,SEX,SEX_BTSX,Both sexes,6.92,6.9,,
MH_12,Age-standardized suicide rates (per 100 000 population),https://www.who.int/data/gho/data/indicators/indicator-details/GHO/age-standardized-suicide-rates-%28per-100-000-population%29,2017,2017,2017,AFR,Africa,RWA,Rwanda,SEX,SEX_FMLE,Female,5.15,5.2 [3.0-8.3],2.99,8.33
MH_12,Age-standardized suicide rates (per 100 000 population),https://www.who.int/data/gho/data/indicators/indicator-details/GHO/age-standardized-suicide-rates-%28per-100-000-population%29,2011,2011,2011,AFR,Africa,RWA,Rwanda,SEX,SEX_MLE,Male,16.4327,16.4 [9.9-26.3],9.93,26.323
SDGSUICIDE,Crude suicide rates (per 100 000 population),https://www.who.int/data/gho/data/indicators/indicator-details/GHO/crude-suicide-rates-%28per-100-000-population%29,2019,2019,2019,AFR,Africa,RWA,Rwanda,SEX,SEX_MLE,Male,50.46,50.5,,
SDGSUICIDE,Crude suicide rates (per 100 000 population),https://www.who.int/data/gho/data/indicators/indicator-details/GHO/crude-suicide-rates-%28per-100-000-population%29,2013,2013,2013,AFR,Africa,RWA,Rwanda,SEX,SEX_FMLE,Female,3.42,3.4 [2.0-5.6],1.97,5.56
SDGSUICIDE,Crude suicide rates (per 100 000 population),https://www.who.int/data/gho/data/indicators/indicator-details/GHO/crude-suicide-rates-%28per-100-000-population%29,2019,2019,2019,AFR,Africa,RWA,Rwanda,SEX,SEX_BTSX,Both sexes,21.54,21.5,,
SDGSUICIDE,Crude suicide rates (per 100 000 population),https://www.who.int/data/gho/data/indicators/indicator-details/GHO/crude-suicide-rates-%28per-100-000-population%29,2000,2000,2000,AFR,Africa,RWA,Rwanda,SEX,SEX_BTSX,Both sexes,15.7522,15.8 [9.2-24.8],9.18,24.8042
SDGSUICIDE,Crude suicide rates (per 100 000 population),https://www.who.int/data/gho/data/indicators/indicator-details/GHO/crude-suicide-rates-%28per-100-000-population%29,2019,2019,2019,AFR,Africa,RWA,Rwanda,SEX,SEX_FMLE,Female,2.14,2.1,,
MH_12,Age-standardized suicide rates (per 100 000 population),https://www.who.int/data/gho/data/indicators/indicator-details/GHO/age-standardized-suicide-rates-%28per-100-000-population%29,2003,2003,2003,AFR,Africa,RWA,Rwanda,SEX,SEX_MLE,Male,27.4251,27.4 [17.1-41.8],17.1444,41.7807
MH_12,Age-standardized suicide rates (per 100 000 population),https://www.who.int/data/gho/data/indicators/indicator-details/GHO/age-standardized-suicide-rates-%28per-100-000-population%29,2012,2012,2012,AFR,Africa,RWA,Rwanda,SEX,SEX_BTSX,Both sexes,10.5559,10.6 [6.3-17.0],6.3,16.9895
SDGSUICIDE,Crude suicide rates (per 100 000 population),https://www.who.int/data/gho/data/indicators/indicator-details/GHO/crude-suicide-rates-%28per-100-000-population%29,2012,2012,2012,AFR,Africa,RWA,Rwanda,SEX,SEX_MLE,Male,8.48,8.5 [5.0-13.9],5.02,13.8939
SDGSUICIDE,Crude suicide rates (per 100 000 population),https://www.who.int/data/gho/data/indicators/indicator-details/GHO/crude-suicide-rates-%28per-100-000-population%29,2016,2016,2016,AFR,Africa,RWA,Rwanda,SEX,SEX_BTSX,Both sexes,5.66,5.7 [3.2-9.3],3.24,9.34
MH_12,Age-standardized suicide rates (per 100 000 population),https://www.who.int/data/gho/data/indicators/indicator-details/GHO/age-standardized-suicide-rates-%28per-100-000-population%29,2004,2004,2004,AFR,Africa,RWA,Rwanda,SEX,SEX_BTSX,Both sexes,16.1977,16.2 [9.9-25.4],9.87,25.3573
SDGSUICIDE,Crude suicide rates (per 100 000 population),https://www.who.int/data/gho/data/indicators/indicator-details/GHO/crude-suicide-rates-%28per-100-000-population%29,2006,2006,2006,AFR,Africa,RWA,Rwanda,SEX,SEX_MLE,Male,11.5801,11.6 [7.0-18.4],7.02,18.3731
MH_12,Age-standardized suicide rates (per 100 000 population),https://www.who.int/data/gho/data/indicators/indicator-details/GHO/age-standardized-suicide-rates-%28per-100-000-population%29,2000,2000,2000,AFR,Africa,RWA,Rwanda,SEX,SEX_MLE,Male,38.8136,38.8 [23.4-58.7],23.4234,58.7304
SDGSUICIDE,Crude suicide rates (per 100 000 population),https://www.who.int/data/gho/data/indicators/indicator-details/GHO/crude-suicide-rates-%28per-100-000-population%29,2002,2002,2002,AFR,Africa,RWA,Rwanda,SEX,SEX_MLE,Male,17.8919,17.9 [11.0-27.5],10.9586,27.508
MH_12,Age-standardized suicide rates (per 100 000 population),https://www.who.int/data/gho/data/indicators/indicator-details/GHO/age-standardized-suicide-rates-%28per-100-000-population%29,2009,2009,2009,AFR,Africa,RWA,Rwanda,SEX,SEX_FMLE,Female,7.08,7.1 [4.2-11.2],4.18,11.234
SDGSUICIDE,Crude suicide rates (per 100 000 population),https://www.who.int/data/gho/data/indicators/indicator-details/GHO/crude-suicide-rates-%28per-100-000-population%29,2010,2010,2010,AFR,Africa,RWA,Rwanda,SEX,SEX_BTSX,Both sexes,6.56,6.6 [3.9-10.6],3.86,10.6396
MH_12,Age-standardized suicide rates (per 100 000 population),https://www.who.int/data/gho/data/indicators/indicator-details/GHO/age-standardized-suicide-rates-%28per-100-000-population%29,2006,2006,2006,AFR,Africa,RWA,Rwanda,SEX,SEX_MLE,Male,21.0745,21.1 [13.0-32.9],13.0097,32.942
MH_12,Age-standardized suicide rates (per 100 000 population),https://www.who.int/data/gho/data/indicators/indicator-details/GHO/age-standardized-suicide-rates-%28per-100-000-population%29,2009,2009,2009,AFR,Africa,RWA,Rwanda,SEX,SEX_BTSX,Both sexes,12.0584,12.1 [7.3-19.3],7.25,19.2783
SDGSUICIDE,Crude suicide rates (per 100 000 population),https://www.who.int/data/gho/data/indicators/indicator-details/GHO/crude-suicide-rates-%28per-100-000-population%29,2019,2019,2019,AFR,Africa,RWA,Rwanda,SEX,SEX_MLE,Male,11.34,11.3,,
SDGSUICIDE,Crude suicide rates (per 100 000 population),https://www.who.int/data/gho/data/indicators/indicator-details/GHO/crude-suicide-rates-%28per-100-000-population%29,2004,2004,2004,AFR,Africa,RWA,Rwanda,SEX,SEX_FMLE,Female,5.77,5.8 [3.3-9.6],3.29,9.59
SDGSUICIDE,Crude suicide rates (per 100 000 population),https://www.who.int/data/gho/data/indicators/indicator-details/GHO/crude-suicide-rates-%28per-100-000-population%29,2019,2019,2019,AFR,Africa,RWA,Rwanda,SEX,SEX_MLE,Male,85.77,85.8,,
MH_12,Age-standardized suicide rates (per 100 000 population),https://www.who.int/data/gho/data/indicators/indicator-details/GHO/age-standardized-suicide-rates-%28per-100-000-population%29,2011,2011,2011,AFR,Africa,RWA,Rwanda,SEX,SEX_BTSX,Both sexes,10.9301,10.9 [6.6-17.5],6.55,17.474
SDGSUICIDE,Crude suicide rates (per 100 000 population),https://www.who.int/data/gho/data/indicators/indicator-details/GHO/crude-suicide-rates-%28per-100-000-population%29,2019,2019,2019,AFR,Africa,RWA,Rwanda,SEX,SEX_MLE,Male,141.46,141.5,,
MH_12,Age-standardized suicide rates (per 100 000 population),https://www.who.int/data/gho/data/indicators/indicator-details/GHO/age-standardized-suicide-rates-%28per-100-000-population%29,2004,2004,2004,AFR,Africa,RWA,Rwanda,SEX,SEX_MLE,Male,24.3179,24.3 [15.1-37.2],15.1479,37.168
MH_12,Age-standardized suicide rates (per 100 000 population),https://www.who.int/data/gho/data/indicators/indicator-details/GHO/age-standardized-suicide-rates-%28per-100-000-population%29,2018,2018,2018,AFR,Africa,RWA,Rwanda,SEX,SEX_FMLE,Female,5.06,5.1 [2.9-8.2],2.92,8.21
MH_12,Age-standardized suicide rates (per 100 000 population),https://www.who.int/data/gho/data/indicators/indicator-details/GHO/age-standardized-suicide-rates-%28per-100-000-population%29,2017,2017,2017,AFR,Africa,RWA,Rwanda,SEX,SEX_MLE,Male,15.0004,15.0 [8.8-24.4],8.79,24.365
MH_12,Age-standardized suicide rates (per 100 000 population),https://www.who.int/data/gho/data/indicators/indicator-details/GHO/age-standardized-suicide-rates-%28per-100-000-population%29,2007,2007,2007,AFR,Africa,RWA,Rwanda,SEX,SEX_BTSX,Both sexes,13.6711,13.7 [8.3-21.6],8.26,21.6462
SDGSUICIDE,Crude suicide rates (per 100 000 population),https://www.who.int/data/gho/data/indicators/indicator-details/GHO/crude-suicide-rates-%28per-100-000-population%29,2001,2001,2001,AFR,Africa,RWA,Rwanda,SEX,SEX_MLE,Male,20.1613,20.2 [12.1-30.9],12.1077,30.8757
SDGSUICIDE,Crude suicide rates (per 100 000 population),https://www.who.int/data/gho/data/indicators/indicator-details/GHO/crude-suicide-rates-%28per-100-000-population%29,2006,2006,2006,AFR,Africa,RWA,Rwanda,SEX,SEX_FMLE,Female,5.38,5.4 [3.1-8.8],3.07,8.82
MH_12,Age-standardized suicide rates (per 100 000 population),https://www.who.int/data/gho/data/indicators/indicator-details/GHO/age-standardized-suicide-rates-%28per-100-000-population%29,2015,2015,2015,AFR,Africa,RWA,Rwanda,SEX,SEX_MLE,Male,15.2445,15.2 [9.0-24.9],8.98,24.9172
MH_12,Age-standardized suicide rates (per 100 000 population),https://www.who.int/data/gho/data/indicators/indicator-details/GHO/age-standardized-suicide-rates-%28per-100-000-population%29,2010,2010,2010,AFR,Africa,RWA,Rwanda,SEX,SEX_FMLE,Female,6.72,6.7 [4.0-10.6],3.97,10.6372
SDGSUICIDE,Crude suicide rates (per 100 000 population),https://www.who.int/data/gho/data/indicators/indicator-details/GHO/crude-suicide-rates-%28per-100-000-population%29,2019,2019,2019,AFR,Africa,RWA,Rwanda,SEX,SEX_FMLE,Female,2.03,2,,
SDGSUICIDE,Crude suicide rates (per 100 000 population),https://www.who.int/data/gho/data/indicators/indicator-details/GHO/crude-suicide-rates-%28per-100-000-population%29,2019,2019,2019,AFR,Africa,RWA,Rwanda,SEX,SEX_BTSX,Both sexes,5.17,5.2,,
MH_12,Age-standardized suicide rates (per 100 000 population),https://www.who.int/data/gho/data/indicators/indicator-details/GHO/age-standardized-suicide-rates-%28per-100-000-population%29,2008,2008,2008,AFR,Africa,RWA,Rwanda,SEX,SEX_FMLE,Female,7.71,7.7 [4.5-12.3],4.54,12.2645
MH_12,Age-standardized suicide rates (per 100 000 population),https://www.who.int/data/gho/data/indicators/indicator-details/GHO/age-standardized-suicide-rates-%28per-100-000-population%29,2012,2012,2012,AFR,Africa,RWA,Rwanda,SEX,SEX_FMLE,Female,6.04,6.0 [3.6-9.6],3.57,9.64
MH_12,Age-standardized suicide rates (per 100 000 population),https://www.who.int/data/gho/data/indicators/indicator-details/GHO/age-standardized-suicide-rates-%28per-100-000-population%29,2003,2003,2003,AFR,Africa,RWA,Rwanda,SEX,SEX_FMLE,Female,10.5413,10.5 [6.1-17.5],6.11,17.4872
SDGSUICIDE,Crude suicide rates (per 100 000 population),https://www.who.int/data/gho/data/indicators/indicator-details/GHO/crude-suicide-rates-%28per-100-000-population%29,2016,2016,2016,AFR,Africa,RWA,Rwanda,SEX,SEX_MLE,Male,8.21,8.2 [4.7-13.6],4.74,13.5501
SDGSUICIDE,Crude suicide rates (per 100 000 population),https://www.who.int/data/gho/data/indicators/indicator-details/GHO/crude-suicide-rates-%28per-100-000-population%29,2019,2019,2019,AFR,Africa,RWA,Rwanda,SEX,SEX_FMLE,Female,31.22,31.2,,
MH_12,Age-standardized suicide rates (per 100 000 population),https://www.who.int/data/gho/data/indicators/indicator-details/GHO/age-standardized-suicide-rates-%28per-100-000-population%29,2005,2005,2005,AFR,Africa,RWA,Rwanda,SEX,SEX_FMLE,Female,8.79,8.8 [5.1-14.4],5.11,14.4346
MH_12,Age-standardized suicide rates (per 100 000 population),https://www.who.int/data/gho/data/indicators/indicator-details/GHO/age-standardized-suicide-rates-%28per-100-000-population%29,2005,2005,2005,AFR,Africa,RWA,Rwanda,SEX,SEX_BTSX,Both sexes,14.9688,15.0 [9.1-23.6],9.08,23.6281
SDGSUICIDE,Crude suicide rates (per 100 000 population),https://www.who.int/data/gho/data/indicators/indicator-details/GHO/crude-suicide-rates-%28per-100-000-population%29,2013,2013,2013,AFR,Africa,RWA,Rwanda,SEX,SEX_MLE,Male,8.28,8.3 [4.8-13.6],4.84,13.6141
SDGSUICIDE,Crude suicide rates (per 100 000 population),https://www.who.int/data/gho/data/indicators/indicator-details/GHO/crude-suicide-rates-%28per-100-000-population%29,2002,2002,2002,AFR,Africa,RWA,Rwanda,SEX,SEX_FMLE,Female,7.43,7.4 [4.2-12.3],4.22,12.2918
SDGSUICIDE,Crude suicide rates (per 100 000 population),https://www.who.int/data/gho/data/indicators/indicator-details/GHO/crude-suicide-rates-%28per-100-000-population%29,2019,2019,2019,AFR,Africa,RWA,Rwanda,SEX,SEX_FMLE,Female,6.45,6.4,,
SDGSUICIDE,Crude suicide rates (per 100 000 population),https://www.who.int/data/gho/data/indicators/indicator-details/GHO/crude-suicide-rates-%28per-100-000-population%29,2012,2012,2012,AFR,Africa,RWA,Rwanda,SEX,SEX_FMLE,Female,3.67,3.7 [2.1-6.0],2.11,5.98
MH_12,Age-standardized suicide rates (per 100 000 population),https://www.who.int/data/gho/data/indicators/indicator-details/GHO/age-standardized-suicide-rates-%28per-100-000-population%29,2008,2008,2008,AFR,Africa,RWA,Rwanda,SEX,SEX_BTSX,Both sexes,12.9363,12.9 [7.8-20.5],7.82,20.5497
SDGSUICIDE,Crude suicide rates (per 100 000 population),https://www.who.int/data/gho/data/indicators/indicator-details/GHO/crude-suicide-rates-%28per-100-000-population%29,2017,2017,2017,AFR,Africa,RWA,Rwanda,SEX,SEX_FMLE,Female,3.09,3.1 [1.7-5.1],1.74,5.09
SDGSUICIDE,Crude suicide rates (per 100 000 population),https://www.who.int/data/gho/data/indicators/indicator-details/GHO/crude-suicide-rates-%28per-100-000-population%29,2009,2009,2009,AFR,Africa,RWA,Rwanda,SEX,SEX_FMLE,Female,4.38,4.4 [2.5-7.1],2.52,7.1
SDGSUICIDE,Crude suicide rates (per 100 000 population),https://www.who.int/data/gho/data/indicators/indicator-details/GHO/crude-suicide-rates-%28per-100-000-population%29,2019,2019,2019,AFR,Africa,RWA,Rwanda,SEX,SEX_MLE,Male,31.83,31.8,,
SDGSUICIDE,Crude suicide rates (per 100 000 population),https://www.who.int/data/gho/data/indicators/indicator-details/GHO/crude-suicide-rates-%28per-100-000-population%29,2007,2007,2007,AFR,Africa,RWA,Rwanda,SEX,SEX_FMLE,Female,5.12,5.1 [2.9-8.4],2.92,8.35
MH_12,Age-standardized suicide rates (per 100 000 population),https://www.who.int/data/gho/data/indicators/indicator-details/GHO/age-standardized-suicide-rates-%28per-100-000-population%29,2019,2019,2019,AFR,Africa,RWA,Rwanda,SEX,SEX_MLE,Male,14.7642,14.8 [8.7-24.0],8.66,24.049
MH_12,Age-standardized suicide rates (per 100 000 population),https://www.who.int/data/gho/data/indicators/indicator-details/GHO/age-standardized-suicide-rates-%28per-100-000-population%29,2002,2002,2002,AFR,Africa,RWA,Rwanda,SEX,SEX_BTSX,Both sexes,20.7299,20.7 [12.6-32.3],12.6214,32.3161
MH_12,Age-standardized suicide rates (per 100 000 population),https://www.who.int/data/gho/data/indicators/indicator-details/GHO/age-standardized-suicide-rates-%28per-100-000-population%29,2003,2003,2003,AFR,Africa,RWA,Rwanda,SEX,SEX_BTSX,Both sexes,18.3562,18.4 [11.2-28.7],11.2091,28.7484
SDGSUICIDE,Crude suicide rates (per 100 000 population),https://www.who.int/data/gho/data/indicators/indicator-details/GHO/crude-suicide-rates-%28per-100-000-population%29,2010,2010,2010,AFR,Africa,RWA,Rwanda,SEX,SEX_FMLE,Female,4.12,4.1 [2.4-6.7],2.36,6.66
MH_25,Stand-alone policy or plan for mental health,https://www.who.int/data/gho/data/indicators/indicator-details/GHO/stand-alone-policy-or-plan-for-mental-health,2014,2014,2014,AFR,Africa,RWA,Rwanda,,,,,Yes,,
SDGSUICIDE,Crude suicide rates (per 100 000 population),https://www.who.int/data/gho/data/indicators/indicator-details/GHO/crude-suicide-rates-%28per-100-000-population%29,2019,2019,2019,AFR,Africa,RWA,Rwanda,SEX,SEX_BTSX,Both sexes,13.86,13.9,,
SDGSUICIDE,Crude suicide rates (per 100 000 population),https://www.who.int/data/gho/data/indicators/indicator-details/GHO/crude-suicide-rates-%28per-100-000-population%29,2005,2005,2005,AFR,Africa,RWA,Rwanda,SEX,SEX_MLE,Male,12.3245,12.3 [7.5-19.3],7.47,19.3178
SDGSUICIDE,Crude suicide rates (per 100 000 population),https://www.who.int/data/gho/data/indicators/indicator-details/GHO/crude-suicide-rates-%28per-100-000-population%29,2011,2011,2011,AFR,Africa,RWA,Rwanda,SEX,SEX_MLE,Male,8.68,8.7 [5.2-14.1],5.18,14.1456
MH_12,Age-standardized suicide rates (per 100 000 population),https://www.who.int/data/gho/data/indicators/indicator-details/GHO/age-standardized-suicide-rates-%28per-100-000-population%29,2006,2006,2006,AFR,Africa,RWA,Rwanda,SEX,SEX_FMLE,Female,8.57,8.6 [5.0-13.9],4.99,13.8791
SDGSUICIDE,Crude suicide rates (per 100 000 population),https://www.who.int/data/gho/data/indicators/indicator-details/GHO/crude-suicide-rates-%28per-100-000-population%29,2019,2019,2019,AFR,Africa,RWA,Rwanda,SEX,SEX_BTSX,Both sexes,3.56,3.6,,
SDGSUICIDE,Crude suicide rates (per 100 000 population),https://www.who.int/data/gho/data/indicators/indicator-details/GHO/crude-suicide-rates-%28per-100-000-population%29,2005,2005,2005,AFR,Africa,RWA,Rwanda,SEX,SEX_FMLE,Female,5.5,5.5 [3.1-9.1],3.14,9.11
SDGSUICIDE,Crude suicide rates (per 100 000 population),https://www.who.int/data/gho/data/indicators/indicator-details/GHO/crude-suicide-rates-%28per-100-000-population%29,2019,2019,2019,AFR,Africa,RWA,Rwanda,SEX,SEX_BTSX,Both sexes,6.68,6.7,,
MH_12,Age-standardized suicide rates (per 100 000 population),https://www.who.int/data/gho/data/indicators/indicator-details/GHO/age-standardized-suicide-rates-%28per-100-000-population%29,2016,2016,2016,AFR,Africa,RWA,Rwanda,SEX,SEX_FMLE,Female,5.3,5.3 [3.1-8.6],3.08,8.6
SDGSUICIDE,Crude suicide rates (per 100 000 population),https://www.who.int/data/gho/data/indicators/indicator-details/GHO/crude-suicide-rates-%28per-100-000-population%29,2006,2006,2006,AFR,Africa,RWA,Rwanda,SEX,SEX_BTSX,Both sexes,8.41,8.4 [5.0-13.5],5.0,13.4976
SDGSUICIDE,Crude suicide rates (per 100 000 population),https://www.who.int/data/gho/data/indicators/indicator-details/GHO/crude-suicide-rates-%28per-100-000-population%29,2003,2003,2003,AFR,Africa,RWA,Rwanda,SEX,SEX_MLE,Male,15.595,15.6 [9.6-24.1],9.57,24.0833
SDGSUICIDE,Crude suicide rates (per 100 000 population),https://www.who.int/data/gho/data/indicators/indicator-details/GHO/crude-suicide-rates-%28per-100-000-population%29,2008,2008,2008,AFR,Africa,RWA,Rwanda,SEX,SEX_BTSX,Both sexes,7.52,7.5 [4.5-12.2],4.46,12.152
MH_12,Age-standardized suicide rates (per 100 000 population),https://www.who.int/data/gho/data/indicators/indicator-details/GHO/age-standardized-suicide-rates-%28per-100-000-population%29,2000,2000,2000,AFR,Africa,RWA,Rwanda,SEX,SEX_FMLE,Female,14.049,14.0 [8.0-23.4],8.04,23.3885
SDGSUICIDE,Crude suicide rates (per 100 000 population),https://www.who.int/data/gho/data/indicators/indicator-details/GHO/crude-suicide-rates-%28per-100-000-population%29,2007,2007,2007,AFR,Africa,RWA,Rwanda,SEX,SEX_MLE,Male,11.0227,11.0 [6.7-17.6],6.65,17.5628
MH_12,Age-standardized suicide rates (per 100 000 population),https://www.who.int/data/gho/data/indicators/indicator-details/GHO/age-standardized-suicide-rates-%28per-100-000-population%29,2018,2018,2018,AFR,Africa,RWA,Rwanda,SEX,SEX_MLE,Male,14.8927,14.9 [8.8-24.2],8.76,24.1719
SDGSUICIDE,Crude suicide rates (per 100 000 population),https://www.who.int/data/gho/data/indicators/indicator-details/GHO/crude-suicide-rates-%28per-100-000-population%29,2019,2019,2019,AFR,Africa,RWA,Rwanda,SEX,SEX_FMLE,Female,2.71,2.7,,
SDGSUICIDE,Crude suicide rates (per 100 000 population),https://www.who.int/data/gho/data/indicators/indicator-details/GHO/crude-suicide-rates-%28per-100-000-population%29,2008,2008,2008,AFR,Africa,RWA,Rwanda,SEX,SEX_MLE,Male,10.3419,10.3 [6.2-16.7],6.22,16.6825
SDGSUICIDE,Crude suicide rates (per 100 000 population),https://www.who.int/data/gho/data/indicators/indicator-details/GHO/crude-suicide-rates-%28per-100-000-population%29,2011,2011,2011,AFR,Africa,RWA,Rwanda,SEX,SEX_BTSX,Both sexes,6.22,6.2 [3.7-10.1],3.66,10.1116
SDGSUICIDE,Crude suicide rates (per 100 000 population),https://www.who.int/data/gho/data/indicators/indicator-details/GHO/crude-suicide-rates-%28per-100-000-population%29,2003,2003,2003,AFR,Africa,RWA,Rwanda,SEX,SEX_FMLE,Female,6.62,6.6 [3.8-11.0],3.76,11.027
SDGSUICIDE,Crude suicide rates (per 100 000 population),https://www.who.int/data/gho/data/indicators/indicator-details/GHO/crude-suicide-rates-%28per-100-000-population%29,2018,2018,2018,AFR,Africa,RWA,Rwanda,SEX,SEX_MLE,Male,8.21,8.2 [4.7-13.5],4.72,13.4892
MH_12,Age-standardized suicide rates (per 100 000 population),https://www.who.int/data/gho/data/indicators/indicator-details/GHO/age-standardized-suicide-rates-%28per-100-000-population%29,2010,2010,2010,AFR,Africa,RWA,Rwanda,SEX,SEX_MLE,Male,17.2216,17.2 [10.4-27.5],10.4378,27.5374
SDGSUICIDE,Crude suicide rates (per 100 000 population),https://www.who.int/data/gho/data/indicators/indicator-details/GHO/crude-suicide-rates-%28per-100-000-population%29,2012,2012,2012,AFR,Africa,RWA,Rwanda,SEX,SEX_BTSX,Both sexes,6.03,6.0 [3.5-9.9],3.54,9.86
SDGSUICIDE,Crude suicide rates (per 100 000 population),https://www.who.int/data/gho/data/indicators/indicator-details/GHO/crude-suicide-rates-%28per-100-000-population%29,2019,2019,2019,AFR,Africa,RWA,Rwanda,SEX,SEX_MLE,Male,5.11,5.1,,
MH_12,Age-standardized suicide rates (per 100 000 population),https://www.who.int/data/gho/data/indicators/indicator-details/GHO/age-standardized-suicide-rates-%28per-100-000-population%29,2001,2001,2001,AFR,Africa,RWA,Rwanda,SEX,SEX_MLE,Male,34.6841,34.7 [21.2-52.4],21.2203,52.3763
MH_12,Age-standardized suicide rates (per 100 000 population),https://www.who.int/data/gho/data/indicators/indicator-details/GHO/age-standardized-suicide-rates-%28per-100-000-population%29,2007,2007,2007,AFR,Africa,RWA,Rwanda,SEX,SEX_FMLE,Female,8.15,8.2 [4.8-13.1],4.77,13.0915
SDGSUICIDE,Crude suicide rates (per 100 000 population),https://www.who.int/data/gho/data/indicators/indicator-details/GHO/crude-suicide-rates-%28per-100-000-population%29,2019,2019,2019,AFR,Africa,RWA,Rwanda,SEX,SEX_FMLE,Female,2.35,2.3,,
MH_12,Age-standardized suicide rates (per 100 000 population),https://www.who.int/data/gho/data/indicators/indicator-details/GHO/age-standardized-suicide-rates-%28per-100-000-population%29,2016,2016,2016,AFR,Africa,RWA,Rwanda,SEX,SEX_MLE,Male,15.0738,15.1 [8.8-24.6],8.85,24.6334
MH_12,Age-standardized suicide rates (per 100 000 population),https://www.who.int/data/gho/data/indicators/indicator-details/GHO/age-standardized-suicide-rates-%28per-100-000-population%29,2017,2017,2017,AFR,Africa,RWA,Rwanda,SEX,SEX_BTSX,Both sexes,9.62,9.6 [5.6-15.6],5.61,15.6173
SDGSUICIDE,Crude suicide rates (per 100 000 population),https://www.who.int/data/gho/data/indicators/indicator-details/GHO/crude-suicide-rates-%28per-100-000-population%29,2000,2000,2000,AFR,Africa,RWA,Rwanda,SEX,SEX_MLE,Male,22.8726,22.9 [13.5-35.1],13.519,35.123
MH_12,Age-standardized suicide rates (per 100 000 population),https://www.who.int/data/gho/data/indicators/indicator-details/GHO/age-standardized-suicide-rates-%28per-100-000-population%29,2015,2015,2015,AFR,Africa,RWA,Rwanda,SEX,SEX_FMLE,Female,5.45,5.5 [3.2-8.8],3.17,8.78
SDGSUICIDE,Crude suicide rates (per 100 000 population),https://www.who.int/data/gho/data/indicators/indicator-details/GHO/crude-suicide-rates-%28per-100-000-population%29,2013,2013,2013,AFR,Africa,RWA,Rwanda,SEX,SEX_BTSX,Both sexes,5.8,5.8 [3.4-9.5],3.38,9.51
MH_12,Age-standardized suicide rates (per 100 000 population),https://www.who.int/data/gho/data/indicators/indicator-details/GHO/age-standardized-suicide-rates-%28per-100-000-population%29,2004,2004,2004,AFR,Africa,RWA,Rwanda,SEX,SEX_FMLE,Female,9.24,9.2 [5.4-15.2],5.36,15.2189
SDGSUICIDE,Crude suicide rates (per 100 000 population),https://www.who.int/data/gho/data/indicators/indicator-details/GHO/crude-suicide-rates-%28per-100-000-population%29,2019,2019,2019,AFR,Africa,RWA,Rwanda,SEX,SEX_MLE,Male,21.71,21.7,,
SDGSUICIDE,Crude suicide rates (per 100 000 population),https://www.who.int/data/gho/data/indicators/indicator-details/GHO/crude-suicide-rates-%28per-100-000-population%29,2001,2001,2001,AFR,Africa,RWA,Rwanda,SEX,SEX_FMLE,Female,8.07,8.1 [4.6-13.4],4.56,13.4423
SDGSUICIDE,Crude suicide rates (per 100 000 population),https://www.who.int/data/gho/data/indicators/indicator-details/GHO/crude-suicide-rates-%28per-100-000-population%29,2019,2019,2019,AFR,Africa,RWA,Rwanda,SEX,SEX_MLE,Male,8.22,8.2 [4.7-13.5],4.71,13.5389
SDGSUICIDE,Crude suicide rates (per 100 000 population),https://www.who.int/data/gho/data/indicators/indicator-details/GHO/crude-suicide-rates-%28per-100-000-population%29,2005,2005,2005,AFR,Africa,RWA,Rwanda,SEX,SEX_BTSX,Both sexes,8.84,8.8 [5.3-14.1],5.26,14.1073
MH_12,Age-standardized suicide rates (per 100 000 population),https://www.who.int/data/gho/data/indicators/indicator-details/GHO/age-standardized-suicide-rates-%28per-100-000-population%29,2013,2013,2013,AFR,Africa,RWA,Rwanda,SEX,SEX_MLE,Male,15.4655,15.5 [9.2-25.1],9.19,25.0848
MH_12,Age-standardized suicide rates (per 100 000 population),https://www.who.int/data/gho/data/indicators/indicator-details/GHO/age-standardized-suicide-rates-%28per-100-000-population%29,2002,2002,2002,AFR,Africa,RWA,Rwanda,SEX,SEX_FMLE,Female,11.7629,11.8 [6.8-19.4],6.78,19.4333
MH_12,Age-standardized suicide rates (per 100 000 population),https://www.who.int/data/gho/data/indicators/indicator-details/GHO/age-standardized-suicide-rates-%28per-100-000-population%29,2001,2001,2001,AFR,Africa,RWA,Rwanda,SEX,SEX_FMLE,Female,12.7684,12.8 [7.4-21.2],7.35,21.1626
SDGSUICIDE,Crude suicide rates (per 100 000 population),https://www.who.int/data/gho/data/indicators/indicator-details/GHO/crude-suicide-rates-%28per-100-000-population%29,2015,2015,2015,AFR,Africa,RWA,Rwanda,SEX,SEX_MLE,Male,8.25,8.3 [4.8-13.6],4.78,13.6275
MH_12,Age-standardized suicide rates (per 100 000 population),https://www.who.int/data/gho/data/indicators/indicator-details/GHO/age-standardized-suicide-rates-%28per-100-000-population%29,2015,2015,2015,AFR,Africa,RWA,Rwanda,SEX,SEX_BTSX,Both sexes,9.89,9.9 [5.8-16.1],5.8,16.1093
MH_12,Age-standardized suicide rates (per 100 000 population),https://www.who.int/data/gho/data/indicators/indicator-details/GHO/age-standardized-suicide-rates-%28per-100-000-population%29,2014,2014,2014,AFR,Africa,RWA,Rwanda,SEX,SEX_BTSX,Both sexes,10.0719,10.1 [5.9-16.4],5.94,16.3504
